[
    {
        "qid": 22137564,
        "qtitle": "Node - how to run app.js?",
        "similarity_score": "0.98975056"
    },
    {
        "qid": 22863170,
        "qtitle": "Node.js from fs.readFileSync() to fs.readFile()",
        "similarity_score": "0.85900354"
    },
    {
        "qid": 31412537,
        "qtitle": "numpy-like package for node",
        "similarity_score": "0.8583423"
    },
    {
        "qid": 21821773,
        "qtitle": "configure node express to serve static bower_components?",
        "similarity_score": "0.85180855"
    },
    {
        "qid": 22312671,
        "qtitle": "Setting Environment Variables for Node to retrieve",
        "similarity_score": "0.85030395"
    }
]